id,label_code,event,created_at,username,role
25,1122,update label,2024-11-14 06:43:48.188+00,Levi,admin
26,3464,Add new label,2024-11-14 06:44:57.346+00,Levi,admin
27,3464,update label,2024-11-14 06:51:13.85+00,Levi,admin
28,111,Add new label,2024-11-14 16:50:49.041+00,Levi,admin
29,1111,Add new label,2024-11-15 07:29:26.098+00,Levi,admin
30,1567,Add new label,2024-11-16 06:03:33.437+00,Conan,admin
31,1567,delete label,2024-11-16 21:20:23.865+00,Levi,admin
32,4456,Add new label,2024-11-16 21:48:58.343+00,Levi,admin
33,1128,Add new label,2024-11-17 02:45:48.789+00,Levi,admin
34,1128,update label,2024-11-17 02:46:02.612+00,Levi,admin
35,1145,Add new label,2024-11-17 02:52:45.142+00,Levi,admin
36,1145,delete label,2024-11-17 03:00:39.45+00,Levi,admin
37,1156,Add new label,2024-11-17 03:19:56.753+00,Levi,admin
38,1128,delete label,2024-11-17 03:20:15.838+00,Levi,admin
39,1156,delete label,2024-11-17 03:20:26.704+00,Levi,admin
40,4456,update label,2024-11-17 05:18:48.758+00,Levi,admin
41,3464,update label,2024-11-17 05:52:55.317+00,Levi,admin
42,4456,update label,2024-11-17 05:59:24.312+00,Levi,admin
43,4456,update label,2024-11-17 06:01:11.911+00,Levi,admin
44,111,update label,2024-11-17 06:01:25.545+00,Levi,admin
45,4456,update label,2024-11-17 06:03:16.714+00,Levi,admin
46,4456,update label,2024-11-17 06:04:24.172+00,Levi,admin
47,4456,update label,2024-11-17 06:04:48.621+00,Levi,admin
48,1678,Add new label,2024-11-17 06:06:12.888+00,Levi,admin
49,4456,update label,2024-11-17 06:11:02.676+00,Levi,admin
50,4456,update label,2024-11-17 06:11:13.92+00,Levi,admin
51,3464,update label,2024-11-17 06:12:40.706+00,Levi,admin
52,3464,update label,2024-11-17 06:13:22.359+00,Levi,admin
53,1111,update label,2024-11-17 06:13:43.092+00,Levi,admin
54,4456,update label,2024-11-17 06:17:32.682+00,Levi,admin
55,3464,update label,2024-11-17 06:17:42.169+00,Levi,admin
56,1111,update label,2024-11-17 06:17:53.618+00,Levi,admin
57,111,update label,2024-11-17 09:27:16.461+00,Levi,admin
58,4456,update label,2024-11-18 04:08:33.197+00,Levi,admin
59,3456,Add new label,2024-11-18 16:47:39.47+00,Levi,admin
60,3456,update label,2024-11-18 16:47:56.961+00,Levi,admin
61,3456,update label,2024-11-18 20:20:39.624+00,Levi,admin
62,1111,update label,2024-11-19 03:46:26.669+00,Levi,admin
63,4456,update label,2024-11-19 06:12:36+00,Levi,admin
64,111,update label,2024-11-19 07:18:19.679+00,Levi,admin
65,3456,update label,2024-12-11 23:29:43.178+00,Levi,admin
66,9565,update label,2025-02-11 07:35:34.57+00,Levi,admin
67,9999,Add new label,2025-02-11 07:44:48.076+00,Levi,admin
68,2234,Add new label,2025-02-13 06:08:02.47+00,Levi,admin
69,2234,update label,2025-02-16 04:17:50.517+00,Levi,admin
70,9457,update label,2025-02-16 20:39:36.757+00,Levi,admin
71,1002,update label,2025-06-17 23:41:50.867+00,Conan,admin
72,9190,update label,2025-06-17 23:51:27.608+00,Conan,admin
73,1076,update label,2025-06-17 23:59:02.383+00,Conan,admin
74,9565,update label,2025-06-18 00:00:43.871+00,Conan,admin
75,9999,update label,2025-06-18 00:03:43.955+00,Conan,admin
76,9458,update label,2025-06-29 08:25:23.272+00,Levi,admin
77,9458,update label,2025-06-29 08:27:11.799+00,Levi,admin
78,2234,update label,2025-06-29 18:21:49.987+00,Levi,admin
79,9999,update label,2025-06-29 18:23:12.404+00,Levi,admin
80,9565,update label,2025-06-29 18:25:59.19+00,Levi,admin
81,2234,update label,2025-06-29 22:19:09.636+00,Levi,admin
82,2234,update label,2025-06-29 22:19:26.968+00,Levi,admin
83,9999,update label,2025-06-29 22:19:41.264+00,Levi,admin
84,2234,update label,2025-06-29 22:30:35.983+00,Levi,admin
85,2234,update label,2025-06-29 22:31:37.225+00,Levi,admin
86,2234,update label,2025-06-29 22:31:47.831+00,Levi,admin
87,2234,update label,2025-06-29 22:43:41.168+00,Levi,admin
88,1220,update label,2025-06-29 23:14:32.169+00,Levi,admin
89,1002,update label,2025-06-30 16:35:04.713+00,Levi,admin
90,1002,update label,2025-06-30 16:35:22.257+00,Levi,admin
91,1002,update label,2025-06-30 16:36:14.026+00,Levi,admin
92,7087,update label,2025-07-02 15:30:54.036+00,Levi,admin